KF451804.1,9606
KX211931.1,9597
998452514,9606
KC252392.1,9606
KT749813.1,9606
LC062069.1,10090
930576047,9606
647737363,9615
998452864,9606
KX211933.1,9597
KT749790.1,9606
255365357,9606
37725781,107026
KX232524.1,30521
37725783,8838
393007394,9615
378554575,89337
884535475,77133
513791105,9606
37725789,8845
37725788,219595
90296613,377303
AP010828.1,9606
613845991,77133
606225995,9606
JX910536.1,64550
336089008,1045198
1028330378,9615
KU291038.1,9615
687814779,157167
AY680230.1,30328
444215360,9606
85001881,77133
1028335425,9615
985564420,370360
218686209,77133
724120926,77133
KM313147.1,77133
AY713993.1,9606
AY164523.1,219595
LM703067.1,117903
338797600,909844
576106933,127946
GU947003.1,9901
FJ215032.1,80720
1028335719,9615
KF540737.1,9606
602625005,130902
33305540,164279
614530187,9606
1008412261,77133
KF955011.1,1463496
AF155376.1,71760
998452682,9606
301031223,194544
223009304,9606
381267175,9606
2213678,56281
FN675580.1,8932
586947645,9940
1035438536,90988
301031221,194544
AY164525.1,28680
1021482743,1840107
KF214127.1,635157
90296329,47553
90296328,30328
954166286,1639998
HE961974.1,244518
KJ154352.1,9606
90296322,47554
KJ833586.1,8839
347802653,9945
1870743,57075
668348683,201498
KC466567.1,75854
AC237677.1,9606
224037234,9606
KJ637997.1,8839
1022948074,9606
407912865,77133
189342985,8839
55162857,264695
KU521429.1,9606
936230740,9606
2213672,56278
459664566,30387
358247438,257470
209420863,77133
KU521417.1,9606
209420866,77133
325550940,189295
1022950510,9606
946518612,9913
401785280,163623
295809454,9606
KU650383.1,77133
KU291093.1,9615
902816001,10090
358729913,547489
1042266549,37011
808177860,1643390
291002215,8128
345295590,77133
299891584,171953
37725782,75854
U58922.1,48085
AC241545.2,9606
EF494318.1,77133
KR821135.1,219595
KU521427.1,9606
37725784,75839
356466528,9606
GU947005.1,9901
300806978,77133
642944124,1480062
642944127,69293
642944126,1480063
642944121,1480062
642944120,1480062
642944123,1480062
642944122,1480062
440853445,1211
662020141,219594
62702113,9606
KT726117.1,9606
1022950468,9606
301031203,194544
90296616,377299
KF664603.1,1539424
817597747,8869
954003635,103435
AY222463.1,226889
124487801,9598
1053099129,9606
119035166,9606
30840867,127946
549037314,8049
29372586,77133
1045893040,1874557
213136263,226889
808177916,1643390
669034434,13095
383932774,77133
699361765,351360
219693377,293335
KJ774881.1,8127
FJ882843.1,30331
KX228169.1,9606
530847883,9606
61287501,9606
336088994,630221
906358010,1001925
194303805,8049
606225771,9606
1051608649,9606
27658223,9606
54144448,8996
AB048585.1,9615
KU291091.1,9615
EF452295.2,9606
U04700.1,8319
KF938360.1,469796
EF153831.1,9606
1028335495,9615
751145559,9606
846388253,10090
290775857,8932
557643621,34924
557643620,193059
194303791,8049
1042266437,756884
KJ794189.1,8845
846388259,10090
936230516,9606
KF928796.1,203117
110238757,7962
213136403,8324
238416095,77133
KJ446399.1,9606
169245894,77133
EU009397.1,8839
AB510988.1,77133
282935453,36185
1028333231,9615
1039007036,276763
167782622,77133
LC062054.1,10090
597437642,154535
282935452,700588
401785266,323800
290758055,257846
GQ983089.1,9606
KJ636969.1,1606565
558613890,45639
3170116,48668
AF038468.1,58317
3170114,71765
3170115,71765
1042266325,9597
215882536,9606
13928468,36249
114841177,9606
399531366,1217903
689478313,77133
213136319,8321
403948834,77133
KX702187.1,9606
618625800,933226
806994320,670168
536189361,9606
690019566,174720
407317413,244518
213136081,30375
583829304,9940
7594567,58321
AB239597.1,317925
1098537,9685
926459764,643462
294999474,8869
U83734.1,56281
294999470,8882
294999471,8860
294999472,658919
294999473,184712
148724033,77133
576896723,633558
KU353713.1,756884
346228012,37012
700746418,340692
40254150,9606
304442566,10847
663095638,77133
KT749789.1,9606
189484449,164279
846554638,77133
658158239,1513355
1050868279,670168
2204107,134633
930697173,77133
1051609233,9606
295879666,77133
GU220172.1,194544
KJ718889.1,172905
1050768795,9612
378968490,59861
DQ536427.1,77803
906345462,9925
1008289804,77133
74058569,213853
KU291061.1,9615
AJ630456.1,264695
1028333413,9615
HM753707.1,10847
724105741,77133
304442362,10847
17979892,9606
606233443,9606
530848247,9606
1028332615,9615
988043889,134920
336044134,411917
336089022,1045269
KT726068.1,9606
933501061,1732171
LC062063.1,10090
HM753711.1,10847
159149446,480666
159149447,35523
559767836,80810
KT989569.1,1480062
606225365,9606
KM461699.1,1211648
GU946999.1,9901
KF664629.1,1949207
1028330546,9615
336089064,749191
GQ167883.1,32488
KF359842.1,64547
1041927796,29911
337757361,32644
550823595,9606
961441121,9606
337757366,8932
189484393,164279
58199704,120965
550823511,9606
LC062082.1,10090
KC985164.1,9606
KF938353.1,9940
GU946987.1,9901
160949162,227976
HQ167602.1,886298
17998629,9606
15216348,9606
1003311765,120215
AY633517.1,9606
12003182,59542
EF189653.1,202086
998452850,9606
KU821711.1,8127
KF938351.1,9940
194305211,34871
378554561,59861
GU946989.1,9901
EF189639.1,1897129
1022949194,9606
AY216542.1,36791
KU131353.1,9606
347801477,129228
KJ154323.1,9606
223014624,9606
DQ158464.1,30334
KR059190.1,9925
KT899979.1,1042256
301507122,9606
KU644664.1,9612
1028331708,9615
KP644365.1,8056
299891976,171953
346227956,37012
AY222465.1,8319
1028331036,9615
32891551,9606
KT726143.1,9606
161724997,185735
220937352,156588
KF938341.1,9940
KM338153.1,77133
AP002944.1,69293
294679577,9902
689937622,51028
291002173,8128
50301805,9615
334087001,50613
91717359,236538
936230628,9606
KU644665.1,9612
223009332,9606
AB445130.1,134920
1028335705,9615
356467060,9606
936230992,9606
KT309044.1,1732171
1008294046,77133
KU523266.1,9606
968196441,291825
AC201862.3,9598
91717355,52619
1024389580,1842464
KX211954.1,37012
1021482735,1840161
KP943133.1,8845
662034240,9913
1010923220,1028180
582054437,166587
JQ622011.1,9940
536189563,9606
1028326924,9615
936230530,9606
1021482739,1840103
943823563,77133
LC062079.1,10090
1022949502,9606
EU880316.1,30375
556713673,9606
AY164524.1,8845
675818962,562
823651873,77133
1022950216,9606
189342999,8855
1028335649,9615
260586959,155900
476003955,77133
346227424,9597
KT726141.1,9606
936230754,9606
699128880,62062
5738210,75837
HM598153.1,77133
625293852,143315
1022950524,9606
295809443,9606
291002229,47969
HM063551.1,75875
HQ711552.1,189295
1028326938,9615
914343420,9606
1022947461,9606
724118293,77133
148466976,135634
1021482740,1437314
148466970,372313
440853424,1211
1050768767,9612
LC062068.1,10090
924899628,77133
KT726151.1,9606
1028335803,9615
KT221043.1,106582
HM063545.1,45644
1022950454,9606
381263003,9606
301031210,194544
301031211,194544
395806648,749190
1022950328,9606
77176536,30334
301031218,194544
301031219,194544
606227157,9606
KF302458.1,9940
675819491,562
AY850299.1,77133
669034406,13095
281188589,9597
846553434,77133
662036138,219593
KF302460.1,9940
747174743,77133
906345784,9925
KF540712.1,9606
939710435,75838
194303819,8049
333595320,77133
KU211647.1,8845
KU644668.1,9612
AY255156.1,9606
668349810,8932
HQ711550.1,608507
HM063558.1,8869
952009804,1753971
GU220211.1,194544
1042266423,756884
KU291072.1,9615
KU056478.1,120215
224038987,1826778
HE576980.1,9606
84468570,335090
1028335579,9615
392464116,77133
84468574,335094
84468575,335095
1028327092,9615
JN191206.1,37011
927682855,1075431
AC008580.7,9606
345499066,9606
513045316,635157
846523933,77133
507474041,75839
KJ446609.1,9606
988043158,1480064
751371229,85066
906345364,9925
556712413,9606
1042266339,9597
906345490,9925
42491760,8319
KJ014395.1,77133
37359600,372311
223014652,9606
DQ158449.1,30329
946518738,9913
202073250,77133
717468411,77133
KF302456.1,9940
1043092383,37011
FJ710924.1,7962
HQ012143.1,9606
556571721,554455
380703433,84645
1005816818,1672192
KU308542.1,37011
513791959,9606
KP238480.1,8845
583829080,9940
KU521422.1,9606
KM999224.1,1592896
295641327,9606
583829318,9940
KF302452.1,9940
317423506,81636
189484401,164279
LC062084.1,10090
HQ711548.1,608507
213136095,30376
KU291070.1,9615
846388249,10090
KU291068.1,9615
239997777,8932
KU521415.1,9606
701165809,756884
51011722,8127
846388244,10090
576095793,1414750
358726939,547489
AC138772.4,9606
846388111,10090
KT749794.1,9606
478445379,1237181
846388115,10090
KJ154898.1,9606
15638907,9606
724101925,77133
KM102013.1,9606
478445373,1316732
946519776,9606
253971015,120858
AY680236.1,47553
459926856,263550
18033995,29911
AC131055.10,9606
378968434,59861
817597733,219595
AY164529.1,8880
333945396,9615
364601445,155900
GU947006.1,9901
HM753692.1,10847
1028330770,9615
350995244,9597
KT892947.1,9606
124106371,77133
17530693,9606
HM063546.1,75871
KM313899.1,77133
317423478,8060
LM996658.1,562
304442374,10847
GU947004.1,9901
1043092397,37011
220938090,77133
675023238,8839
EF532246.1,47553
FJ882808.1,61428
255365973,9606
1008808246,1817992
1028332601,9615
906357968,643384
336089050,1045278
AB303363.1,8387
926460032,494514
669034252,13095
1051609116,9606
AY164517.1,75854
194303763,8049
1028331358,9615
724119560,77133
158935691,8855
158935690,127946
992321756,13095
992321751,8128
606225379,9606
145208485,69298
992321752,8130
659223642,64547
659223643,64547
659223641,64547
532694967,75839
JN191234.1,37012
27463525,213853
KF540729.1,9606
555292379,9606
KT726094.1,9606
146335938,9598
KF359840.1,64547
JN695748.1,8843
KJ154896.1,9606
647737349,9615
KM233417.1,72004
1042265564,9606
AP008639.1,9606
312270514,77133
115394110,77133
528748698,9940
936230502,9606
KF673863.1,291815
2739349,9606
NG_011805.1,9606
KT749798.1,9606
699128162,1564001
298539971,77133
298539970,77133
614530219,9606
346227606,37011
689629758,6186
972385503,1042256
KU291092.1,9615
163845591,9598
553831960,8832
724103293,77133
KJ154913.1,9606
HQ711546.1,489831
339896041,9606
20978140,164851
AC021451.8,9606
KU521425.1,9606
JF894132.1,50613
KM326844.1,77133
KT316292.1,263525
576106911,8957
984684431,37012
KP981364.1,8869
347802681,66440
KT726131.1,9606
378968126,59291
91717367,268249
KR333631.1,77133
926459863,68724
936230964,9606
KC990420.1,221218
955472561,5158
585469646,1211
KF938355.1,9940
590074700,77133
KP210473.1,1610701
194303959,8049
347801267,9906
DQ447668.1,77803
JX910547.1,167844
KJ778677.1,8845
56698760,8060
229501270,9913
4837618,75140
1008287480,77133
KP877614.1,1643390
1035661863,451842
385760871,77133
291002187,8128
1022949516,9606
943816667,77133
969986284,659677
577029811,9615
194303679,8049
793958732,77133
238550606,9054
1022950202,9606
JQ703633.1,9606
19423752,8934
AY164527.1,75844
KC252426.1,9606
253825636,77133
346227942,37012
662034212,9913
AF173711.1,107026
333777594,77133
KU644666.1,9612
1028328686,9615
808177846,1643390
1022947920,9606
KR059196.1,9925
KT223567.1,1792849
FJ383331.1,9606
984684459,37012
JQ692071.1,30521
KP013116.1,28800
724106460,77133
KF664963.1,1949207
KU291046.1,9615
KR866125.1,9925
KP814654.1,77133
KJ627925.1,134920
JN191193.1,9597
AY147244.1,213854
1028328170,9615
292807378,9606
301031228,194544
KX247381.1,9925
724145657,77133
220978706,179110
347801883,9883
1028335817,9615
1035662743,30521
HQ012216.1,9606
301031226,194544
301031225,194544
1028329484,9615
1028335873,9615
1022950440,9606
2213696,8868
755161476,1610701
514389444,9606
1028335257,9615
GU946982.1,9901
1053099143,9606
808177930,1643390
932252624,137271
GU220221.1,194544
537366392,352921
304442578,10847
KT943516.1,286572
846388166,10090
KR059186.1,9925
583828912,9940
724121422,77133
AF023192.1,67547
353025406,9597
KX231660.1,9606
229501298,9913
KJ627933.1,1480062
KF214120.1,635157
XM_011722773.1,9545
KR059201.1,9925
KR059192.1,9925
358726150,547489
8886853,8996
KR059216.1,9925
63081765,70541
1022950538,9606
FJ493508.1,9606
U52730.1,47560
KF214121.1,635157
37718657,9606
666359823,344906
9438160,6669
HM996895.1,9606
1028331568,9615
194303777,8049
91717358,77799
91717357,274647
91717356,77803
906345770,9925
946518836,9913
91717353,283765
91717352,48668
282722785,494514
1028335313,9615
927600,41691
62959329,120858
KR059222.1,9923
AB127393.1,28800
KT726123.1,9606
GQ249623.1,120858
806639507,9606
KT013297.1,9606
948550225,1732171
KR334398.1,77133
AP008321.1,9606
LT572682.1,77133
1041941120,7962
751414549,1606565
LC062075.1,10090
KT726121.1,9606
AY028488.2,156881
GU946980.1,9901
GU477628.1,8128
LT573132.1,77133
147886354,47553
KR072815.1,77133
937348916,9054
HM063539.1,75836
906345378,9925
KP641358.1,8153
223014666,9606
295293394,37011
459926842,263549
EU880307.1,30374
KF562761.1,1415635
659106684,13095
364703191,155900
JN318351.1,547489
EU880329.1,226889
550825877,9606
555293401,9606
1033473265,77133
GU220202.1,194544
555296901,9606
DQ283421.1,8316
670608690,1527652
AY222462.1,226889
690017570,131310
AC183765.3,9598
545776249,9606
EF532234.1,302540
EU880325.1,156859
906345574,9923
846388237,10090
846388231,10090
KU521421.1,9606
56122859,47554
56122858,30329
982742511,1435197
KM276867.1,77133
KC985151.1,9606
GU220177.1,194544
846388162,10090
56122850,302541
56122855,30328
AL163540.11,9606
56122857,30329
909158862,77133
767402035,1628817
JQ323111.1,77133
11139879,48668
304442290,10847
18251070,181626
269113444,500842
CP011892.1,112262
AY222473.1,226889
1043092243,756884
KT991333.1,156881
31620885,9606
724103994,77133
KX211953.1,37011
KF938346.1,9940
675023224,8839
350995271,9597
558479034,9615
GU220222.1,194544
KR106993.1,72004
DQ839499.1,77133
726965407,9606
1045893044,1874555
JN398094.1,77133
KX211951.1,37011
985482577,1297001
EU877714.1,8049
700276289,9606
685165098,1545683
KR059198.1,9925
FJ215031.1,8052
AY222460.1,226889
343478459,316406
320041893,77133
FJ938044.1,189295
29500524,9606
AY164519.1,75839
GQ337537.1,9606
AC107940.13,9606
416949246,9606
KJ154368.1,9606
669175205,61627
158935689,8934
158935683,9054
56682670,59542
158935686,8996
550823203,9606
GU220219.1,194544
KC252467.1,9606
KM314413.1,77133
AY255142.1,9606
KX211941.1,756884
KT725939.1,9606
519125389,9606
583829052,9940
KF938358.1,9940
1028330238,9615
FN673994.1,9606
690029403,387005
JN628854.1,445506
1028336055,9615
DQ283447.1,377299
45385378,266380
647737405,9615
998452836,9606
281307585,345744
JN628852.1,526958
325550933,489831
KU255082.1,1480064
GU477626.1,8128
1023302139,9606
304442638,10847
KC252538.1,9606
820719609,564077
JN628850.1,323800
KC252405.1,9606
GU477624.1,8128
GU189658.1,9597
936230810,9606
614530203,9606
KF162331.1,9606
GQ464307.1,30521
GU189677.1,9597
325550935,489831
AC231380.2,9606
1042510805,1869232
GQ464309.1,30521
EU880339.1,8324
399107339,77133
1042510803,1869244
820957780,115229
545749678,9606
KU291057.1,9615
KJ627930.1,1480062
525316188,9606
133751488,164851
298539981,77133
KU234535.1,765333
KT448273.1,68724
606234115,9606
393193706,1204385
KF451635.1,9606
KU308539.1,37011
AF507682.1,164851
347802695,66440
AC013437.8,9606
936230600,9606
6318686,28680
AF507684.1,164851
25006026,137881
307640016,886298
KJ135626.1,51549
KU291053.1,9615
HM063538.1,28680
347801253,9904
KR059191.1,9925
254547186,291826
948550169,328524
669034280,13095
307712650,77133
998452542,9606
KT725921.1,9606
37901513,226889
EF532244.1,47555
675820202,562
550825275,9606
KT726100.1,9606
KP742643.1,318341
KR335426.1,77133
KU291045.1,9615
KC994083.1,9606
1027946516,9606
HM753695.1,10847
AC134878.3,9606
724107571,77133
1039678257,163617
KP859999.1,77133
AB186891.1,77133
717490127,198431
HM346883.1,9606
436882,7962
KU291047.1,9615
1028335621,9615
961441677,1767050
1028329190,9615
HM753697.1,10847
KM301011.1,77133
378968224,59291
213689764,77133
KU291041.1,9615
KM315769.1,77133
403488271,466049
DQ131207.1,213853
294679487,743960
CP007219.1,1460371
333777589,77133
KT749779.1,9606
GU370125.1,47969
KX211935.1,9597
HM753691.1,10847
985483635,263525
692113565,8384
LM996884.1,562
KT749775.1,9606
GQ464311.1,30521
529108300,77133
290877970,8932
1028327414,9615
LC062067.1,10090
807066819,494514
KU308547.1,37012
77176570,47561
256013414,64550
KT749777.1,9606
350280512,10847
KU308541.1,37011
DQ447665.1,283765
1042265604,9606
936230866,9606
HQ711547.1,489831
944543433,99804
642944115,134920
642944116,134920
642944117,134920
936230558,9606
642944111,134920
642944112,134920
642944113,134920
1035662757,30521
984292769,9606
301031236,194544
301031237,194544
301031230,194544
642944119,1480062
301031232,194544
301031233,194544
JX910543.1,1237181
1022950300,9606
GQ337581.1,9606
874533676,77133
998452668,9606
KT749791.1,9606
AF173704.1,8865
1010923206,1028180
EU877712.1,8049
281188365,9597
1053099157,9606
EU370437.1,509925
558611177,172907
KF148102.1,9606
29372575,77133
1022947628,9606
808177944,1643390
255366519,9606
675818129,562
799177493,77133
1046810705,1086707
281188561,9597
1028327526,9615
EU877726.1,8049
817597970,630221
KR059205.1,9925
724104520,77133
320579892,77133
EU877718.1,8049
EU877720.1,8049
532165062,75854
27819250,9606
AJ133162.1,163908
452755043,1286311
229501284,9913
513045326,635157
EU877722.1,8049
KT749781.1,9606
513045323,635157
513045320,635157
1042266535,37011
724102520,77133
KU308545.1,37012
91717354,379085
HM063552.1,337036
821091567,8058
91717363,101879
821091565,185739
821091564,8060
91717366,285706
327396783,42663
91717364,101877
821091560,163112
946518794,9913
946518850,9913
946518822,9913
906345742,9923
821091569,185735
AP009126.1,371725
1022947712,9606
550824323,9606
846388127,10090
806639591,9606
299891771,171953
1022694803,643353
751247137,9913
948550211,137271
KJ704989.1,30521
JX188254.1,1045269
298367417,9606
675584507,9606
119654922,9606
987976949,9541
JN191230.1,37012
1028336097,9615
61287840,9606
523917038,1355883
KT184924.1,203117
AF038493.1,71761
KF982693.1,63221
HM753699.1,10847
171453165,9606
194303693,8049
670608689,8127
906345546,9925
KR059225.1,9925
KF469287.1,8839
LM540398.1,387005
194303987,8049
583829332,9940
684137965,156588
684137964,156588
684137967,156588
238416114,77133
684137963,156588
586947659,9940
333945215,9615
145203067,77133
831844821,1184151
1022949922,9606
906345588,9925
846388225,10090
156077579,9606
846388176,10090
670800394,8839
FJ383334.1,9606
846388170,10090
5359549,9945
LC062050.1,10090
189409272,9598
808162080,77022
536187613,9606
583829192,9940
FJ383332.1,9606
846555229,77133
1033473321,77133
GU370126.1,8128
KJ856693.1,9606
290878007,75839
290878006,75839
290878004,9054
DQ092288.1,323755
304442350,10847
28376844,9606
KJ627934.1,1480064
864423755,77133
KR059217.1,9925
985482563,1792849
583829600,9913
KU521405.1,9606
998452780,9606
506985260,175245
717483383,77133
1028332629,9615
FJ383714.1,9606
1028331848,9615
KT715810.1,1732171
EU877733.1,8049
946518752,9913
KT726140.1,9606
906345700,9923
56682669,9943
JN191232.1,37012
396580985,1211648
DQ337063.1,77133
1043092341,37011
KF540661.1,9606
556700625,9606
724138829,77133
FR846971.1,9606
HQ890328.1,132587
723429447,9615
1008287549,77133
555293191,9606
FJ383710.1,9606
KP211939.1,8932
AC146433.3,9598
KM313738.1,77133
998452794,9606
256956108,156588
998452822,9606
KF938348.1,9940
844171781,75372
LC062072.1,10090
260609457,77133
260609456,77133
304442626,10847
KJ154906.1,9606
532694219,9913
74150304,10090
51894756,9606
378554533,348707
EF532243.1,30329
FJ951588.1,9606
KJ154829.1,9606
KT726134.1,9606
528748740,9940
364602106,155900
JX316027.1,1211648
78172626,353262
755571791,8845
1028331442,9615
748762882,343527
556711307,9606
606233387,9606
545762823,9606
KT726136.1,9606
926459975,32534
606233471,9606
364652070,155900
KT290557.1,137271
LC062083.1,10090
LC062052.1,10090
1028332825,9615
385763480,77133
KR059213.1,9925
874556173,77133
JF727222.1,9597
U63885.1,50380
KU171100.1,9606
119225205,27704
KR059215.1,9925
JQ846020.1,30521
JN695762.1,8839
324022976,34924
JF727220.2,9597
AP013327.1,1396441
31745457,9606
6318693,75856
6318694,75849
6318699,107030
556706491,9606
724102893,77133
16751509,9606
1028329008,9615
KU233186.2,1906136
LM997184.1,562
724103386,77133
998452556,9606
160714419,77133
KU291087.1,9615
669034294,13095
KF739398.1,327704
KF977846.1,9940
768320438,134902
KU353717.1,37011
21313833,9606
48526863,121628
JQ702024.1,9606
48526864,35523
48526867,6669
550825261,9606
724107609,77133
381226814,9606
1039483029,1867211
KP993137.1,7962
669175247,147209
669175246,147208
1028335635,9615
669175248,274780
1039483026,1867209
83266343,9606
1039483024,1867207
1039483025,1867208
1028332573,9615
KF056265.1,9606
671697684,1530446
EF153788.1,9606
700282029,9606
659928569,400002
545755082,9606
KT726138.1,9606
984684501,37011
KF938359.1,9940
253825612,77133
346227928,37012
AF401512.1,59538
AC132822.3,9606
KX495759.1,9606
KR059211.1,9925
19423739,187126
27436834,9606
KU353709.1,9597
KT989567.1,1480062
JQ798118.1,9606
672238893,292587
943496419,1745989
281307536,218281
846387307,10090
550824043,9606
300069073,9606
KR059219.1,9923
KR059199.1,9925
793958430,77133
KX232523.1,30521
1028335523,9615
KX702185.1,9606
KJ794187.1,75865
GU189673.1,9597
1022950314,9606
341833484,1070623
194303973,8049
1028328756,9615
AY164526.1,75838
310404228,329911
KF162858.1,9606
KU353711.1,37011
939709235,46906
KP993139.1,630221
724110786,77133
JX105709.1,77133
512403969,9089
16924090,9606
669175223,200682
JQ621989.1,9940
1022950174,9606
669034476,13095
AB048588.1,9615
13873052,297010
1042266619,37012
1022950482,9606
161824378,9883
KR059189.1,9925
359471081,9606
LC062048.1,10090
JN628855.1,8154
119221287,9606
209887459,8868
1022947892,9606
37787283,71769
AF038019.1,30581
513045319,635157
513045318,635157
998452640,9606
452755057,75372
GU189661.1,9597
393887880,77133
388597456,9913
545775283,9606
513045315,635157
77176498,8389
381243880,9606
339717012,193059
657231755,9913
HM753686.1,10847
1022950552,9606
KX232526.1,30521
KX211937.1,9597
91717371,283771
91717370,101878
91717373,77801
91717372,283764
AM489718.1,1042646
846452434,77133
JQ282800.1,541010
FN675577.1,8932
444211818,9606
555293443,9606
1009080478,9913
213136137,213856
306976913,9606
67005507,110926
FN675575.1,8934
KU291042.1,9615
KF938347.1,9940
1033473749,77133
298367403,9606
U83738.1,50367
808177888,1643390
397909638,10847
HM753717.1,10847
KJ511883.1,7962
506985264,175245
675819440,562
KU236383.1,1483110
LT574190.1,77133
KR011113.1,30521
KJ774882.1,1527652
KT757374.1,291825
GU296584.1,9606
374674563,72446
556903583,77133
119035054,9606
EF029950.1,213853
125625427,371725
663095411,77133
295808886,9606
874526652,1680146
KC252388.1,9606
KC252557.1,9606
KP013091.1,168684
LT574311.1,876103
EF189648.1,202083
700278445,9606
697280485,77133
697280484,77133
1028330924,9615
156459537,9606
BX572084.5,9606
KX232522.1,30521
346227718,37011
1028327750,9615
401785350,106584
440507595,13136
821091578,8056
821091579,8056
846388211,10090
298113230,796397
16267225,69293
FJ380216.1,9606
821091570,1042646
821091571,1042646
821091572,8052
821091573,8052
821091574,8049
821091575,8049
821091576,80720
821091577,80720
KJ446683.1,9606
GU592047.1,9606
27764476,50365
KF938343.1,9940
56122838,302540
56122835,302539
56122834,302539
56122833,302538
56122832,302537
56122831,8389
56122830,8389
259122158,9606
KT290327.1,1840103
AY292700.1,48090
946518584,9913
KU644669.1,9612
307640019,8032
KF800698.1,1450144
KX211928.1,9597
JN632601.1,9901
HM753703.1,10847
KM658599.1,30521
223014596,9606
1043092229,756884
1035662701,30521
724115758,77133
301022624,9606
289847,8855
126143564,8148
6318689,75848
156454914,9606
675820250,562
EF373313.1,372313
154818372,367866
6318688,75836
KT726120.1,9606
506985259,175245
506985258,175245
506985257,175245
506985256,175245
506985254,175245
506985252,175245
506985251,175245
506985250,175245
1043092467,37012
555296621,9606
304442434,10847
KF938328.1,9940
56122889,8390
304442386,10847
EU877719.1,8049
KU291049.1,9615
145208471,9947
KR020498.1,10090
219553030,121629
767402184,701737
306977407,9913
1043092355,37011
1028329918,9615
AY292714.1,42059
345295870,77133
310877519,77133
KF302455.1,9940
GQ464314.1,30521
FJ851586.1,77133
KX079702.1,9606
846388144,10090
806993650,670168
281307563,52644
281307562,52644
281307565,371914
647737391,9615
998452766,9606
1051608944,9606
731446495,160745
EU880333.1,8321
EU877717.1,8049
723428789,9615
24431912,9606
AF428636.1,77133
304442650,10847
KM879227.1,327697
532694205,9913
EU877711.1,8049
913022844,8869
27464721,213854
KC709481.1,9606
281188337,9597
FN675615.1,75839
936230838,9606
KX272653.1,163617
1028335299,9615
KT726092.1,9606
27464940,213856
KX228168.1,9606
988043847,1480062
675820095,562
AF346519.1,117539
AC138776.2,9606
EF189651.1,84336
KM315186.1,77133
874581076,77133
KC990424.1,221218
1033472971,166587
KT290347.1,1840122
870899170,327708
2213690,56282
226910770,77133
JN393219.1,9988
LC062066.1,10090
JX303747.1,9606
757813536,37011
119225219,317925
EU712956.1,164279
EF532236.1,302538
253765518,77133
147886351,30329
147886353,47554
147886352,47555
AF160768.1,86345
528748642,9940
JN319903.1,547489
306569406,863497
306569404,863496
399107445,77133
EU877715.1,8049
724106674,77133
KJ722068.1,8932
306569401,863495
KU050703.1,7962
1028326966,9615
HQ711542.1,990546
EF532241.1,30328
550825527,9606
LM523540.1,131310
514389458,9606
17149470,9606
998452612,9606
AF160764.1,61428
688635872,27848
CP004084.1,10847
202073170,77133
KC489473.1,187118
936230488,9606
1028335607,9615
1039483031,1867213
1039483030,1867212
1039483032,1867195
998452584,9606
1039483037,1867216
119225107,381606
339646415,77133
119224981,28800
358729011,547489
346227466,9597
987312802,479972
253825601,77133
KF540734.1,9606
922980560,77133
HM063536.1,75838
375156546,77133
KT749808.1,9606
452888003,77133
699128225,163991
662034226,9913
1008294718,77133
FN675581.1,8932
585469544,1211
476003790,77133
953817712,9606
585469543,1211
585469542,1211
256013433,227845
KJ573467.1,1906136
350280536,10847
256013435,32488
77176556,47554
AY147242.1,213853
77176555,47554
KX097620.1,77133
828348533,9913
EU713027.1,164279
EU712988.1,164279
KT749802.1,9606
AC021080.4,9606
512403978,140446
GU220188.1,194544
KR861720.1,103435
JQ045073.1,9606
KF317935.1,9940
AC091134.7,9606
614531684,9606
512403976,140447
512403977,9046
KT448281.1,32534
226910798,77133
215397842,77133
KU521428.1,9606
874539687,77133
1043189482,9606
LC062077.1,10090
846388322,10090
KP877619.1,1643390
AF346511.1,42852
553025372,37179
146424812,9598
AY680234.1,47554
818214106,8932
299888824,77133
KX424460.1,1867184
FJ348175.1,9606
281188547,9597
AY680232.1,30329
AF346513.1,77756
KU521426.1,9606
550823749,9606
817597956,1045269
468363243,77133
906345294,9925
675819855,562
346228269,84645
KX424462.1,1867186
23462901,9606
KJ154931.1,9606
1022949726,9606
1042266283,9597
KR059220.1,9925
KC020113.1,263547
954003575,9925
KU521420.1,9606
1028335999,9615
209916071,9606
1022950566,9606
KR334835.1,77133
171702204,9055
KT749806.1,9606
1042266269,9597
668350122,13095
27463616,205136
KC771255.1,75839
356466332,9606
946518808,9913
906345728,9923
KJ689447.1,8839
1015812641,9606
KT991332.1,478982
AC241530.2,9606
1005720060,1814214
1022950580,9606
724120010,77133
EF029940.1,213851
1028326994,9615
846523617,77133
697218806,77133
675584521,9606
936230670,9606
KX346235.1,143503
299888823,77133
299888822,77133
673921900,238031
AM902521.1,8934
AF346517.1,77737
906345616,9925
JQ411473.2,9606
322110388,77133
1042266605,37012
169822860,246881
21630412,9606
315175623,114704
647736481,9615
333945774,9615
FJ379295.1,8868
JN105357.1,749191
906345434,9925
KF856965.1,7962
677286122,50250
KP877617.1,1643390
14589691,9606
32394892,29911
GU220186.1,194544
95147662,9606
GU220212.1,194544
EU755253.1,8839
952009676,30527
712021672,156588
1044327111,9606
194303749,8049
AP014941.1,10090
946518570,9913
593023749,75350
KC894466.1,291790
7715106,36305
207299077,77133
330376275,904984
478445406,64553
723430161,9615
KT223231.1,77133
1001823172,180449
22658009,9606
557879522,291815
846523207,77133
KF938354.1,9940
JX223426.1,77133
988043875,1480063
90296990,77133
1048348243,9913
946518598,9913
984684445,756884
602624991,130900
AF363031.1,50365
HQ711551.1,189295
378968448,59861
1043092215,756884
5669618,9946
30348799,9606
AY255148.1,9606
332887014,180931
16326797,77133
410695832,1245217
5669612,73823
5669613,69297
5669614,69298
5669615,66440
166066487,9046
380009717,77133
JX844592.1,886298
JQ702414.1,9606
DQ642361.1,77133
724107389,77133
506985245,175245
506985246,175245
1043392519,9606
89954384,77133
1022947447,9606
333945606,9615
DQ158438.1,8384
304442422,10847
1051609152,9606
846523517,77133
1028335355,9615
304442398,10847
724116272,77133
86989063,77133
219553026,121628
KJ627921.1,134920
GU733801.1,9606
145208443,303930
6318687,8839
KC513574.1,263549
28628296,164279
665506106,9606
28628290,164279
KU291089.1,9615
583829066,9940
846388156,10090
846388151,10090
301031222,194544
323366894,9103
806994118,670168
GQ337610.1,9606
281307577,321095
281307574,321094
528748684,9940
213136193,377299
281307578,321095
281307579,321095
998452808,9606
KP644362.1,80720
FJ748759.1,9606
14573684,9606
HQ119791.1,77133
358728370,547489
32891299,9606
1022949124,9606
EU877732.1,8049
GQ464303.1,30521
378554519,8032
446512570,58317
723430189,9615
846388204,10090
HM753712.1,10847
936230824,9606
347801421,129225
AC200165.3,9598
528748726,9940
478445390,64550
EU880324.1,377299
KR330916.1,77133
KM378618.1,9606
459219279,1297576
162418045,9615
642944114,134920
KJ154451.1,9606
647737279,9615
578003121,77133
209362482,77133
697347887,9870
GU220218.1,194544
532694233,9913
LC062081.1,10090
1028327974,9615
KU498040.1,270005
678943414,201377
998452906,9606
KF317938.1,37179
KJ803016.1,61428
212374551,134920
KX702182.1,9606
AF023194.1,28800
850484145,112262
756762052,8845
532694303,9913
678943382,511734
675295383,9913
1042266465,37010
301031239,194544
KM317390.1,77133
383403137,9606
KT725925.1,9606
147886348,302541
147886349,30328
76009081,345744
147886344,302538
76009084,321095
1028335943,9615
KP644364.1,8056
550823567,9606
GU946976.1,9901
301031235,194544
747023232,328524
LM995525.1,562
444303974,926550
299891985,171953
11611284,110977
EU877730.1,8049
AY522565.1,8319
NG_001333.2,9606
1028329344,9615
KT726045.1,9606
EF093554.1,9606
340495,9883
JX910554.1,64550
998452598,9606
DQ019124.1,8853
GU946998.1,9901
659681755,127946
1039483004,1867192
1039483000,1867184
1039483001,1867185
1039483002,1867186
304442302,10847
4234910,86928
KP644359.1,8052
253825679,77133
GU220203.1,194544
AB445126.1,240154
238550648,9089
444747827,77133
662034254,9913
227463812,80720
KU159761.1,7962
227463811,8052
HM010684.1,8839
JQ704806.1,9606
330369629,56278
KJ154326.1,9606
KX358482.1,9606
KX211955.1,37012
61287325,9606
256013420,158894
346227494,9597
HM753687.1,10847
1028335509,9615
171346092,77133
LM047136.1,6265
946518556,9913
KT989568.1,1480062
2213719,52644
936230586,9606
984684389,9597
119225009,27717
378968308,59291
KJ801424.1,9606
1022950370,9606
25989038,9606
668348669,201498
283047537,9606
AF148328.1,111847
KJ015008.1,77133
14547259,9606
KJ833587.1,8839
909720593,219595
226910782,77133
KF148101.1,9606
KC252514.1,9606
213136207,156859
808177972,1531488
KX424461.1,1867185
187961481,9606
KT726119.1,9606
553025369,9940
281188533,9597
295809508,9606
1050768683,9612
GQ895157.1,9606
161824392,13095
KR020499.1,10090
846552472,77133
395653015,10847
635020029,60711
906345280,9925
AC244472.2,9606
JQ622004.1,9940
663096576,77133
JX462735.1,9606
672424611,75865
EU935438.1,9606
KT725883.1,9606
KX684037.1,9606
724105244,77133
668350192,109454
16209419,147647
KX211957.1,37012
295809435,9606
AC182469.3,9598
KC252572.1,9606
KU644663.1,9612
1028335985,9615
AC025627.13,9606
JF727223.1,9597
346227704,37011
1022950608,9606
LK996026.1,49338
2564750,9606
1001824344,8845
5669619,9947
1042266255,9597
66841080,197152
1028326770,9615
440548432,77133
940816386,9606
675584535,9606
286248249,9606
1050792977,1887618
1036141163,9606
KR305612.1,77133
AB806021.1,77133
KX211943.1,756884
LM405563.1,102285
1028336069,9615
606233877,9606
KC466568.1,30387
669034392,13095
906345602,9925
HM063556.1,658919
253971144,346453
1053099185,9606
KF450872.1,9606
GU296541.1,9606
255366015,9606
299891691,171953
330376510,904984
211938814,9606
220897675,9606
1050868941,670168
724120378,77133
KP644358.1,8052
KU291073.1,9615
385762252,77133
906345420,9925
U04696.1,30375
213136375,8328
961441957,7959
343170287,77133
AC132825.8,9606
31324456,67545
1022950496,9606
51450532,9606
KR867679.1,8869
799177469,77133
401785377,57303
554792621,1343904
459996805,187118
KF938320.1,9940
KX228167.1,9606
148724052,412056
998429288,163618
AC186036.3,9598
194303889,8049
KT726144.1,9606
KM314115.1,77133
194303735,8049
1777839,47555
1052987,30421
724115597,77133
189182421,47969
723430175,9615
830260623,8153
304442254,10847
63081835,327762
EF556151.1,9606
AF346520.1,168632
KF451634.1,9606
672350496,9606
378968476,59861
194304071,8049
554791667,371917
5669620,66437
160714461,77133
545767527,9606
753170678,344906
1043092201,756884
AY164514.1,132587
1042510795,1869236
1042510794,1869235
1042510797,1869238
1042510796,1869237
1042510799,1869240
1042510798,1869239
731165072,77133
KF302453.1,9940
667060998,9606
KF302449.1,9940
FN673986.1,9606
2804367,8316
JQ704999.1,9606
663095478,77133
374675437,120965
846388306,10090
846388300,10090
606233625,9606
1043392505,1779361
363803789,77133
89954394,77133
GQ337620.1,9606
724115006,77133
490345979,9606
AC140113.3,9606
194304015,8049
229503490,9606
89147718,88771
AY680235.1,47554
166066453,290628
219553050,35523
KF302447.1,9940
145208457,73823
GQ464313.1,30521
1008411908,77133
767402167,701737
659106666,13095
880797898,980419
FJ485585.1,77133
GU220217.1,194544
1053099171,9606
KU291067.1,9615
506985248,175245
770591529,168684
1028662825,30521
KF926376.1,8932
1033473289,543031
KJ627927.1,134920
1050768669,9612
724101971,77133
1028332741,9615
KT749787.1,9606
76009102,321128
727354382,9606
KP981363.1,219595
KF312717.1,28680
89954380,77133
KU308543.1,37011
1028335215,9615
692113708,35046
KP686931.1,77133
JN317999.1,547489
724112346,77133
GU220183.1,194544
528748712,9940
478445383,167844
KR052524.1,30521
808162079,77022
936230852,9606
257796343,9606
HM753685.1,10847
1028331470,9615
814557319,8845
1028334362,9615
669034350,13095
DQ283230.1,61428
668349870,13095
988043861,1480062
227808632,70285
1050768711,9612
JX910570.1,64553
KJ801421.1,9606
583829122,9940
KF540719.1,9606
HM063550.1,8865
91717362,52620
JN105352.1,630221
AC091163.5,9606
723429741,9615
KJ154902.1,9606
91717360,335926
KC253305.1,77133
91717361,77798
678943398,565240
28411193,9606
936230936,9606
821091563,8060
GU220195.1,194544
532694317,9913
JN105354.1,1045269
1028335761,9615
821091562,81636
6318702,75875
GQ301863.1,9606
946518640,9913
1042706957,77133
91717365,98388
13365536,9615
1028332699,9615
KT749785.1,9606
555946307,1415635
109289444,9606
288915559,9606
606233709,9606
988043480,1480062
306491452,91750
772105169,9606
91717369,98390
14575376,9606
KJ013777.1,77133
1043092369,37011
KF573616.1,554455
441495359,77133
570437568,9606
1777844,47560
1039483013,1867227
1039483012,1867228
485474390,9606
1039483017,1867198
1039483016,1867199
1039483015,1867240
1039483014,1867188
AC008512.8,9606
697252493,77133
755908329,1460371
119225163,54556
13990342,9606
530538337,358574
EU877724.1,8049
AY164516.1,107026
KT935302.1,1817992
404211790,171953
124108896,50251
AY222470.1,8319
124108891,34924
6318715,68165
6318717,8853
6318716,107021
724102193,77133
20978137,164851
6318713,107026
821091566,185739
KJ154900.1,9606
686994764,102285
20978139,164851
555297979,9909
KX711887.1,9606
LN870794.1,77133
305655967,9606
557461306,9606
KJ778676.1,8839
158303470,9598
86989108,77133
550825345,9606
550825611,9606
EU712980.1,164279
846553108,77133
698320594,49338
AF029308.1,9606
663082025,77133
570438873,327704
846546397,77133
AC200705.3,9598
407969486,77133
GQ240309.1,8932
73611136,8099
KP985667.1,77133
AL356489.14,9606
73611135,214914
73611132,182643
73611133,100952
73611130,182643
73611131,182643
KP091184.1,77133
FJ882837.1,655854
51451288,9606
73611139,239743
KF384011.1,9606
KM337645.1,77133
HM063540.1,541004
AY164531.1,50365
936230614,9606
1022947572,9606
KM233416.1,30521
KR059197.1,9925
AY274023.1,372311
DQ283160.1,47553
332347409,9054
578888220,203117
606223321,9606
444211832,9606
224486655,48668
AF038483.1,71765
JN191188.1,9597
HM346882.1,9606
1028335565,9615
1033474323,77133
22532626,9606
1028335971,9615
984684487,37012
AC270106.1,9606
47232523,9606
724116852,77133
AB058612.1,156448
KF540666.1,9606
936230446,9606
224969848,175245
KJ739616.1,8839
1042266241,9597
283825424,47969
846452401,77133
948550253,86924
2197025,46219
1022950636,9606
GQ337584.1,9606
KU681002.1,8128
943843806,198431
284521567,9606
KT726129.1,9606
AY325988.1,8384
AY597335.1,8127
KJ627932.1,1480062
675819723,562
73611123,137881
717488484,77133
GU220200.1,194544
731180422,602068
663096251,77133
536189613,9606
1042266395,756884
EU877736.1,8049
281307575,321094
FJ383712.1,9606
JX202592.1,263549
1022949698,9606
259122340,9606
906345630,9925
1053099199,9606
1003090584,9925
GU908131.1,8932
KT725965.1,9606
GU220189.1,194544
636632030,1497020
194303651,8049
906345266,9925
576095807,7962
724119129,77133
GU220207.1,194544
690072940,6290
AY680264.1,1978144
614529001,9606
127951276,202089
127951275,202086
127951273,84336
KJ627926.1,134920
127951270,202083
EF189644.1,299823
DQ158426.1,8389
KX372733.1,9606
555293331,9606
KJ627920.1,134920
407317427,8150
27464936,213851
560187912,132609
KR059209.1,9925
401785308,311526
LC062074.1,10090
1022949964,9606
DQ158428.1,61428
340804638,77133
KU521430.1,9606
381242620,9606
954003734,9940
699974758,1564186
AP009304.1,58317
906345252,9925
675584493,9606
194303721,8049
304442242,10847
290759539,9606
EU712954.1,164279
340804561,77133
KP814663.1,77133
GU220185.1,194544
606232491,9606
378968462,59861
697240540,77133
874530664,77133
KP877616.1,1643390
KJ627928.1,1480062
KT726130.1,9606
KF214119.1,635157
FJ383706.1,9606
FJ032363.2,554455
401785418,205486
189484371,164279
KC252513.1,9606
189484377,164279
13447685,129228
LC062073.1,10090
KT726132.1,9606
KF469288.1,75838
KM087741.1,9606
583829262,9940
KF214117.1,635157
78498991,9606
846388316,10090
90296590,8316
846388311,10090
914244755,207831
506985227,175245
506985224,175245
506985225,175245
11124582,120965
HM775995.1,9606
506985220,175245
642944110,134920
223014540,9606
KC985152.1,9606
606233639,9606
KF938357.1,9940
5738211,8839
KJ154914.1,9606
194304001,8049
446512608,58323
219553048,6669
5059004,86940
AY012126.1,9988
5059006,86943
LC062064.1,10090
924253735,136868
KT726126.1,9606
207284102,77133
988043907,7962
767402151,701737
659223623,691893
JQ846022.1,30521
831181109,77133
KC990951.1,358574
655168110,8839
FJ167857.1,8839
KT726124.1,9606
LC062060.1,10090
94481762,8060
807238858,1637999
304442494,10847
281307580,321095
669034532,13095
AY292693.1,235649
554793112,234792
359552061,77133
GU220204.1,194544
606233527,9606
JN628861.1,205486
KU644671.1,9612
686699069,6265
LC062071.1,10090
KX679398.1,9606
1051609042,9606
KU521423.1,9606
254797430,199737
KR868678.1,9940
37901499,226889
260765329,662657
KX211940.1,756884
1043092411,37012
1046610981,9925
1046610980,9925
254972893,77133
AY947951.1,120858
410809623,1246486
1050768725,9612
AY738960.1,9606
KX211942.1,756884
1028333665,9615
1028662811,9913
647737293,9615
12656011,9606
555292449,9606
KJ923845.1,9606
936230572,9606
6522637,163908
1024391832,270005
506985323,175245
JN628853.1,311526
678943366,565241
1022946930,9606
1001910533,40563
381260302,9606
936230908,9606
KU291094.1,9615
684137968,156588
345295582,77133
KT944287.1,327704
KP026178.1,8845
EF189654.1,202089
JN628851.1,163623
EU880309.1,164967
358247659,9606
642944118,134920
AY292697.1,50378
GU189659.1,9597
EU880338.1,251502
339282641,77133
KF938319.1,9940
998452752,9606
281307555,321128
281307556,321128
846553062,77133
684137966,156588
669175209,320617
669175208,274783
998452626,9606
KT166981.1,106582
KJ154948.1,9606
669175206,274781
669175200,37346
923043767,77133
32891411,9606
378968252,59291
145967471,9606
550826087,9606
AP013287.1,9606
KF156760.1,75854
1008284806,77133
112498246,9088
440790,8324
1037235043,1862648
AF507685.1,164851
224036520,9606
13365534,9615
KP644356.1,1042646
6318700,107028
13365537,9615
6318706,8865
6318707,8855
670141884,1508658
6318705,75877
13365538,9615
347801379,129223
KP644355.1,185735
124108849,62902
385762231,77133
1022950286,9606
1028326840,9615
KT725920.1,9606
675817485,562
77176521,30329
KC985165.1,9606
73611129,182643
73611128,157167
283046935,9606
724128703,77133
73611121,137882
347801393,129223
KP892531.1,327708
73611122,137882
73611125,157166
73611124,157166
73611127,290628
73611126,290627
1022950356,9606
KF851173.1,166587
KU308548.1,37012
1040461592,1856649
440657842,77133
FJ383536.1,9606
585469484,1211
585469485,1211
585469486,1211
585469487,1211
936230698,9606
KJ184546.1,343525
DQ283444.1,377303
545749972,9606
984684659,263525
AF227907.1,9606
KM273843.1,168684
18251069,30422
KU308546.1,37012
4115701,80810
JQ311895.1,77133
GQ464310.1,30521
LN870721.1,77133
982188992,286572
281188519,9597
KT726149.1,9606
1039482999,1867183
AB238966.1,381606
557636860,201378
930697244,77133
1022949754,9606
KU291050.1,9615
AP011393.1,643384
KU308540.1,37011
409924144,179110
723005209,1211648
686983599,9940
301031216,194544
676254225,562
1022949334,9606
712432630,77133
KP143725.1,343527
KU291034.1,9615
697242502,77133
KU521413.1,9606
301031205,194544
GQ464302.1,30521
AY714047.1,9606
1053099213,9606
GQ167862.1,64550
GQ464304.1,30521
1035662771,30521
JN038804.1,77133
217573962,9606
166066411,497904
1022950622,9606
213136179,8316
918650184,106582
672424639,8845
KM336662.1,77133
KU308532.1,756884
21306612,9606
281188463,9597
846388178,10090
EF532245.1,47554
1022950342,9606
724115974,77133
906345392,9925
724115976,77133
197131205,8843
KP644360.1,8049
544585058,175245
289393,9913
AY292699.1,50379
408831594,77133
U67285.1,30581
EU877721.1,8049
KT749780.1,9606
459996790,187118
KC252446.1,9606
KU308544.1,37012
KX232521.1,30521
795592394,9531
KT749782.1,9606
1022950132,9606
253971168,302541
1024308489,270005
194303665,8049
906345406,9925
147886342,302540
EU877713.1,8049
127951266,299823
JF727221.1,9597
EU877731.1,8049
AF346515.1,35525
37725791,75838
374676786,8839
669034490,13095
359550477,120965
LL266921.1,27848
1045893026,1874567
1045893024,1874567
1045893025,1874567
LM996286.1,562
528078528,980326
AC256229.1,9606
428674415,263547
EU877735.1,8049
1028328281,9615
906345714,9925
528748656,9940
KC252394.1,9606
KT935303.1,1817992
KU308530.1,756884
37787263,36791
1777814,30334
56787907,36803
34099007,9598
946518654,9913
KR306338.1,77133
663095031,77133
724107008,77133
KT726115.1,9606
KF851149.1,166587
1028332811,9615
EU877739.1,8049
304442278,10847
16266848,143315
KU291078.1,9615
HQ424846.1,9606
988042605,1483110
KX663832.1,9606
KJ627936.1,69293
906345350,9925
KP091160.1,77133
189484367,164279
311788313,9902
KF469286.1,8839
322367474,156588
EF373319.1,135634
KU291062.1,9615
189484369,164279
401785404,163638
73611120,137882
1009080492,9913
55274630,6669
KF540984.1,9606
HM041971.1,9606
BX004987.9,9606
KC733251.1,9606
1022949026,9606
1028335369,9615
1043643728,143503
HM753693.1,10847
KT290328.1,1437314
JN191213.1,37011
304442470,10847
DQ283159.1,30328
JN191231.1,37012
166066439,182643
JN191229.1,37012
668350094,13095
KM343490.1,77133
940816638,9606
307591264,886803
675820322,562
HE961975.1,8150
KM330411.1,77133
846388186,10090
JN191235.1,37012
304442410,10847
KX211958.1,37012
846388181,10090
565672465,75854
KR333940.1,77133
558613766,268767
194303917,8049
JN409247.1,77133
LM128679.1,60517
788265059,8932
37725779,132587
KU521404.1,9606
1033472815,77133
340805150,77133
JF824877.2,9606
26225145,9606
FJ938046.1,608507
KT715809.1,137271
304442506,10847
381273811,9606
EU877723.1,8049
AC200909.3,9598
254826747,9606
385761343,77133
AF346516.1,85468
198387228,8839
LC062065.1,10090
506985219,175245
506985218,175245
381221354,9606
KR059224.1,9925
583829108,9940
506985213,175245
506985212,175245
1050768739,9612
506985216,175245
506985215,175245
506985214,175245
KX211930.1,9597
KC489474.1,187118
EU712958.1,164279
37699536,30334
LM527081.1,174720
347801141,59523
937188474,77133
HM063555.1,8860
1028330322,9615
KU171094.1,9606
KX211932.1,9597
336089078,756765
770591879,28800
GQ302616.1,199737
1028335789,9615
KM327804.1,77133
AC187326.11,9615
642944109,134920
532694261,9913
KJ627919.1,134920
S76217.1,41691
1028334418,9615
AL355793.6,9606
1042706976,77133
JX910535.1,64550
KF938344.1,9940
X61010.1,7962
347802709,9946
325147144,171953
906357996,80810
KU521406.1,9606
998452724,9606
GU238433.1,8128
302320776,9606
998452654,9606
KR059212.1,9925
669175218,274762
669175219,557345
669175217,274775
641453732,343525
669175215,470227
1042706996,77133
JX913857.1,1246486
KU521408.1,9606
KX266758.1,163619
937196706,77133
1035662785,30521
U58921.1,48083
647737335,9615
KR059214.1,9925
JQ846021.1,30521
902816015,10090
GU946988.1,9901
662034268,9913
U63886.1,50378
GU220208.1,194544
U58923.1,48086
440782,30375
440784,30376
440786,8319
227463845,163112
227463844,81636
HM063557.1,184712
KX211936.1,9597
299891861,171953
AC256206.1,9606
936230642,9606
946518780,9913
KU291086.1,9615
746590024,1592896
1028326854,9615
77176510,8384
124108859,62280
37956635,9870
KP993136.1,7962
124108850,42254
675819227,562
124108854,62895
1041941122,8127
1041941121,75350
724100822,77133
40847859,9606
444747728,77133
KF849975.1,9606
2213723,9103
260586802,155900
KF600712.1,866009
15384727,9606
KU521432.1,9606
KR059204.1,9925
253825733,77133
AC237676.1,9606
KR059210.1,9923
KU521414.1,9606
119035656,9606
160714391,77133
724116204,77133
JN252050.1,316406
1049306975,9606
FN675578.1,8932
669034322,13095
846388136,10090
1022947517,9606
GQ895141.1,9606
NG_001337.2,9606
1028336027,9615
985564616,932675
KP877620.1,1643390
395653027,10847
339646626,171953
339646625,171953
550825709,9606
1050792976,1887624
148725112,120965
798546650,9606
306569398,863493
301017260,9606
1039679636,85568
152031377,91750
255366379,9606
KP702821.1,9606
557469680,866009
936230460,9606
943496447,369635
GU189668.1,9597
KF161415.1,9606
557461320,9606
AP014886.1,10090
1050792973,1887623
KP993138.1,1045269
449020169,263551
222431907,554455
1042266227,9597
1022950650,9606
672424625,8845
295878349,77133
KR059188.1,9925
1028328058,9615
917546862,9913
57336143,9544
281188477,9597
GU189666.1,9597
1042707008,77133
297012131,77133
KJ446775.1,9606
78157267,77133
AB331708.1,1484636
906345658,9925
476003733,77133
EU713036.1,164279
702074663,8846
38048970,77133
27463607,205126
KC331409.1,77133
724145152,77133
723428817,9615
537361466,140446
EU877729.1,8049
1042266647,37011
350280524,10847
29372516,77133
698352810,40191
KR333305.1,77133
JX188253.1,749190
90653093,155900
KU521411.1,9606
FN675576.1,160229
906345476,9925
KM314117.1,77133
HM753689.1,10847
KU144677.1,163618
KX232527.1,30521
1042266353,9597
213136389,251502
AM489719.1,1042646
213136011,137245
GU946990.1,9901
1016560706,1827350
401785322,445506
1028327722,9615
395653063,10847
854907643,77133
673922093,1537714
JF727219.1,9597
7594625,8284
724115361,77133
1045893039,1874557
1045893038,1874557
AB510989.1,77133
HM753716.1,10847
194303707,8049
LC062055.1,10090
358727107,547489
724115564,77133
194303875,8049
HM753718.1,10847
281309673,8128
KT726152.1,9606
701165640,194366
KT290350.1,1840125
663095020,77133
523582230,126835
906345504,9925
DQ158427.1,61428
KX702186.1,9606
667664488,32595
160714430,77133
724107313,77133
KC242850.1,1335022
1046610978,9925
290376,8839
KU291037.1,9615
583829248,9940
283825438,8128
KX702184.1,9606
13491592,6669
767402216,701737
KT749814.1,9606
339646376,171953
936230978,9606
669034775,8839
KT726055.1,9606
195592625,9606
1028332713,9615
KF537571.1,70551
KX232525.1,30521
119952105,77133
194304029,8049
874529202,257470
689650726,60517
KR332669.1,77133
674428088,9606
1028330798,9615
LC062049.1,10090
556711293,9606
KX211938.1,9597
166066425,300318
982278140,9541
HM103357.1,9606
946518724,9913
767402135,701737
KJ154324.1,9606
846554201,77133
AY292695.1,48083
846388198,10090
991820571,286572
KJ794188.1,8845
846388191,10090
37901512,226889
1049307227,9606
KP644357.1,1042646
HM753700.1,10847
KT726067.1,9606
LC062059.1,10090
325550939,189295
325550938,608507
LT572838.1,166587
974030553,40563
CR381670.5,9606
194303903,8049
675820591,562
325550930,990546
325550936,608507
304442266,10847
325550934,489831
725542149,180523
725542148,481462
532694275,9913
606226681,9606
28628278,164279
GU946994.1,9901
926459849,68724
KT726097.1,9606
724129663,77133
226424540,77133
303305517,874463
724102870,77133
378554491,8030
304442518,10847
727826358,315323
303305519,626427
124377079,1042646
119225527,70546
1043092439,37012
306753090,171953
197359668,298571
XM_012058929.1,9531
KF856964.1,1414750
KR059207.1,9925
998437669,7962
139004535,77133
668350108,13095
343439,9947
1028333021,9615
914244773,1696961
914244772,207831
914244771,1696961
AJ842847.1,9544
925170108,42254
KX211956.1,37012
AB510987.1,77133
399107340,77133
1002680212,77133
EU877716.1,8049
37699523,47555
1028327932,9615
KT726085.1,9606
37699529,8384
94537068,9598
LC062070.1,10090
KF938352.1,9940
1050792988,1887639
KJ446684.1,9606
FJ748708.1,9606
1050792981,1887628
EU877710.1,8049
AC026409.4,9606
34366527,9606
DQ158483.1,47554
89954377,77133
FJ851570.1,77133
410992329,75372
325147175,171953
38708156,9598
AY292707.1,48086
KR059146.1,9925
AY216543.1,28800
998452738,9606
89954378,77133
JN317831.1,547489
281307537,218281
606226513,9606
AF346518.1,77739
KJ154417.1,9606
1042706988,77133
KT726142.1,9606
105873611,77803
669175227,238839
669175226,68557
669175225,274766
669175224,270554
KR780749.1,327708
998452570,9606
KU521419.1,9606
884535433,77133
690106390,117903
223009290,9606
KC994144.1,9606
AC125394.27,9598
647737321,9615
KU523265.1,9606
KU521407.1,9606
253770960,77133
FN675606.1,8934
51100942,77133
583828898,9940
397195128,263549
KT726081.1,9606
KM314993.1,77133
291002201,8128
JX105603.1,77133
KF302454.1,9940
808177874,1643390
124377093,1042646
AC197159.2,9598
227463859,8060
901703597,1204385
KU653040.1,77133
KP763856.1,9606
124108867,73330
KC345820.1,9606
FJ823181.1,77133
AC193936.3,9598
724109502,77133
985564462,1396441
724105843,77133
KF384032.1,9606
9858445,9606
17155087,9606
998452528,9606
JQ045116.1,9606
2213756,50367
223012174,9606
KT726146.1,9606
257796344,9606
AC239612.3,9606
KR059193.1,9925
LC062076.1,10090
KU159394.1,9606
KF359822.1,691893
159134852,9598
KT781689.1,30527
KT749809.1,9606
KJ801423.1,9606
BX571672.10,9606
12700609,42254
AC097526.3,9606
408359017,155063
923043750,77133
KT749805.1,9606
DQ137401.1,9606
EU877740.1,8049
1022950426,9606
507482735,127946
1022950398,9606
943496784,103435
582054461,166587
1028335439,9615
395653051,10847
EU880323.1,8316
LT573616.1,77133
KT749803.1,9606
FJ383333.1,9606
281371692,34880
1008909484,193066
GU230684.1,796397
557469694,643462
767402200,701737
KT726148.1,9606
KF203133.1,75839
704002329,1569704
KJ015333.1,77133
817597928,7962
1028326868,9615
JN191214.1,37011
385763223,77133
HM128600.1,77133
EF153796.1,9606
KJ923828.1,9606
13447674,129223
KU291051.1,9615
HM753698.1,10847
16416422,62275
668350178,1446309
KP317203.1,37011
717488696,77133
213136151,213852
KU644662.1,9612
AF346510.1,168633
KT188786.1,136868
KJ126773.1,75362
FJ882807.1,655847
JX878885.1,103437
KU140665.1,286572
1028330882,9615
669034546,13095
AY680233.1,30329
295809493,9606
AF346512.1,42853
20800363,9606
145286219,77133
78157273,77133
KF684946.1,45639
681884240,1542667
597441294,51549
AP009509.1,32513
906345560,9925
KF302461.1,9940
325126972,132587
971456312,9947
906345644,9925
113706990,9606
290877969,8932
290877968,8932
1035662729,30521
689627625,6186
301031241,194544
301031240,194544
301031243,194544
KU644667.1,9612
301031245,194544
301031244,194544
290877967,160229
290877966,8934
29372704,77133
GU220192.1,194544
546351488,80810
1042266367,9597
724119249,77133
927599,8863
213136025,385651
1048984709,77133
AC105921.5,9606
874886208,77133
401785336,8154
AP013284.1,9606
KF161229.1,9606
KU521431.1,9606
2547156,67561
1028333301,9615
KM273828.1,481462
KP796150.1,327692
194303847,8049
FJ595184.1,318341
257072110,164851
KU521409.1,9606
EU709731.1,47969
614525612,9606
1042266213,9597
KT749815.1,9606
GU946979.1,9901
AP013153.1,9606
672889506,224209
AF483298.1,8934
906345518,9925
689475129,29911
171702218,9044
JQ705297.1,9606
227016701,77133
478445371,64550
KM679417.1,756884
6318692,75840
846388295,10090
JN105356.1,1045278
378968392,59291
717489565,77133
669034168,13095
134141068,77133
KF540964.1,9606
478445372,64550
33695214,9606
DQ404642.1,77133
1028327022,9615
KR349363.1,9925
166209590,77133
820722275,36249
JF712657.1,164971
GU220199.1,194544
AC024248.7,9606
583829234,9940
1039483028,1867206
GQ464305.1,30521
645099901,56790
GU220190.1,194544
672350258,9606
498921819,183910
614522039,9606
KR305922.1,77133
KF600713.1,643462
675819207,562
570553170,77133
388269614,1188013
GQ167881.1,227845
116745392,213853
304442326,10847
194304057,8049
GU220193.1,194544
724101825,77133
KT803045.1,9606
JN857024.1,9606
DQ283153.1,47554
71373172,9606
KJ755668.1,327696
334850402,328532
AC255431.1,9606
385761038,77133
KM319067.1,77133
1028327120,9615
1028334096,9615
37901509,8319
583829586,8932
KR059203.1,9925
GU220197.1,194544
37901502,226889
37901501,226889
KF302459.1,9940
299892019,171953
37901504,8319
AC090204.11,9606
315176522,114704
94481736,8058
583829346,469796
306976759,9606
KU308531.1,756884
194303931,8049
506985305,175245
506985304,175245
506985307,175245
506985306,175245
683415946,9606
674779894,1538613
506985309,175245
506985308,175245
56968028,117534
118917847,171953
717472961,77133
936230894,9606
DQ642362.1,77133
KJ679568.1,1513355
AY670656.1,48167
KC292197.1,263551
528749664,291826
GQ246995.1,77133
KX231545.1,9606
KC990422.1,221218
JQ703543.1,9606
1043092425,37012
U04704.1,8324
KC513575.1,263550
583829164,9940
670800412,8845
914244769,1696961
1050768753,9612
GU220170.1,194544
914244764,207831
545769235,9606
914244760,1696961
1002682197,77133
914244763,1696961
KX668628.1,9606
1043092257,756884
536191042,348696
1046610979,9925
KM273814.1,7962
594543161,8845
678943350,1854753
KJ446179.1,9606
AF173700.1,75875
510951819,221218
KR074256.1,9606
EU877728.1,8049
HQ012178.1,9606
94537070,9598
510951815,221218
510951817,221218
724132270,77133
172072953,509925
408775866,9606
440508215,13136
374429580,541010
724107379,77133
393191470,59542
KM245140.1,9606
1022950594,9606
723429363,9615
21326086,9544
1040461590,1856647
1040461591,1856648
511773719,75369
KT726128.1,9606
JF500287.1,77133
642944125,1480064
LN554897.1,562
669175234,1526734
669175235,320385
669175236,274768
669175237,1311559
57117933,77133
1028331106,9615
669175233,320612
347801239,248133
KX702183.1,9606
KU681006.1,7962
EF185793.1,9606
669175238,283636
669175239,274777
189342971,8839
KF938340.1,9940
770591921,13095
998452892,9606
48526866,6669
1026346695,9606
662034282,9913
532694289,9913
DQ779926.1,9606
346227354,9597
FJ882803.1,346453
557468166,9606
669175243,61643
227463833,8058
336427,9917
1050768809,9612
AF160767.1,30331
KR333259.1,77133
KM314345.1,77133
936230796,9606
GU220206.1,194544
346227998,37012
724139812,77133
EF532240.1,302541
332384184,164971
2213748,9054
659681435,13095
U20754.1,9685
290877997,8934
634744421,7962
717480575,77133
JX456613.1,1314744
1042266381,756884
KU644670.1,9612
385763414,77133
LM997153.1,562
223012160,9606
378968196,59291
KT726040.1,9606
1002819697,9606
JN191198.1,9597
227463865,1042646
73920423,323755
532694247,9913
1039483027,1867210
687833681,6252
124108906,127946
AL158819.14,9606
987169423,1794763
KJ737371.1,1446309
846546597,77133
KP877613.1,1643390
EU755252.1,8839
984684375,9597
1022950412,9606
1051608551,9606
937196034,77133
253971148,655847
977903075,115122
KR059221.1,9923
1051608459,9606
1018242234,99804
428673762,77794
KP881611.1,8845
KJ627924.1,134920
JQ705771.1,9606
874531941,77133
378968280,59291
675820621,562
961441691,1767050
509093289,1335022
KC252519.1,9606
1022950258,9606
459664552,75854
557643612,8839
127951261,1897129
145208387,9917
1028328030,9615
KT448272.1,68724
KX211946.1,37010
1028335229,9615
1042266591,37012
KT726118.1,9606
KX668275.1,9606
1028336013,9615
157928635,9103
GU946985.1,9901
939583785,670168
AB445127.1,149088
KX684036.1,9606
259122382,9606
KF938350.1,9940
1031185745,77133
570437470,9606
KF359841.1,64547
KX609422.1,9606
KT749804.1,9606
KU821709.1,7962
957740646,8845
290877972,8932
KF162927.1,9606
KT223568.1,1297001
290877971,8932
301031256,194544
325053242,295399
363803493,77133
301031255,194544
151327672,8839
364605094,155900
73920422,323757
395559995,77133
374676772,8843
1042706423,77133
EU442884.2,246881
237941337,77133
385257668,9606
AB445129.1,161456
1028331820,9615
1045893010,1874556
1028335411,9615
1026358844,77133
966798603,327704
583828968,9940
724109029,77133
KT726122.1,9606
2547147,67547
343201740,360056
186925855,221218
2547149,28800
1022950678,9606
992321755,7962
511636257,140445
332639365,344906
946518710,9913
KX211944.1,756884
EU880310.1,102207
KF664744.1,35046
GU477629.1,47969
JN857062.1,9606
DQ083161.1,110926
378968420,59861
846388289,10090
187480856,77133
291002257,743960
GU220178.1,194544
KX358500.1,9606
FN675579.1,8932
U52720.1,30331
846388283,10090
AM919429.1,185735
4929507,8060
317423492,185739
1015812557,9606
806461939,8932
558611023,84645
13447673,129223
HM068570.1,37011
13447676,129225
1051608836,9606
583829220,9940
261499766,30520
3170126,71769
3170125,71761
755572953,8932
3170122,71760
261411079,9606
HQ711545.1,489831
906345322,9925
KJ124555.1,8845
3170129,71773
3170128,71771
937348099,1470305
KU301745.1,1827350
255927023,190530
675820483,562
HM753706.1,10847
304442338,10847
194304043,8049
837351782,1618337
1022950230,9606
KU308529.1,756884
215399435,77133
606225407,9606
EU877741.1,8049
DQ158484.1,47554
129563783,120965
294999446,658926
1050768697,9612
282935451,99804
1040460272,77133
37901539,226889
37901537,226889
37901534,226889
606232449,9606
197359931,298571
GU189675.1,9597
294999449,75867
KF302448.1,9940
KF938333.1,9940
294999445,658925
91694242,236539
380009648,77133
HE577849.1,9940
475644067,1314744
506985316,175245
725542162,168684
506985314,175245
506985315,175245
506985312,175245
506985313,175245
506985310,175245
506985311,175245
943814521,77133
724140320,77133
HM753688.1,10847
506985318,175245
717472915,77133
936230880,9606
KX196155.1,451842
KT749811.1,9606
GU477631.1,743960
212374509,149088
669034364,13095
FJ938045.1,707892
KF938339.1,9940
583828772,9940
KP737864.1,1680146
KM455570.1,8846
BX511022.7,9606
1043092453,37012
KX684038.1,9606
KF302462.1,9940
315440284,77133
556711671,9606
399762909,77133
FJ938047.1,489831
13925588,126087
AP013338.1,932675
KU291066.1,9615
310693170,9606
856517095,9606
116745382,213851
AK153841.1,10090
583829178,9940
530846271,9606
DQ404442.3,9606
347802625,66437
212374537,161456
KT749786.1,9606
DQ158498.1,47561
XM_005569418.2,9541
EU877734.1,8049
JX105604.1,77133
KU291083.1,9615
KF938329.1,9940
606233415,9606
GU477627.1,8128
693583074,62287
1028332643,9615
GQ411109.1,77133
JN105353.1,1045198
KM079630.1,137067
AF346514.1,35523
KF302450.1,9940
758185341,9606
1028335117,9615
376315506,77133
GU477625.1,8128
584458899,63221
723428719,9615
159149439,6669
301031252,194544
1042265584,9606
GQ464306.1,30521
KT725954.1,9606
HM753684.1,10847
347802023,397661
723429377,9615
998452710,9606
KX211952.1,37011
KT725952.1,9606
KP644361.1,8049
675820622,562
KT932091.1,9606
27261700,9606
689908656,6216
723428537,9615
KR059223.1,9925
KX211934.1,9597
U31045.1,42059
63004234,8853
347801225,9902
186925538,221218
KF938349.1,9940
338177123,8032
338177122,8032
KU291056.1,9615
555298219,70551
LC062058.1,10090
207559994,59542
KT223827.1,103435
647737307,9615
KX424464.1,1867192
224486596,7962
555293093,9606
KU291054.1,9615
GU189669.1,9597
301031250,194544
KC172260.1,77133
KU291052.1,9615
KU891851.1,30521
KJ463418.1,30521
1050792993,1887621
723428621,9615
32891215,9606
724103259,77133
KX702233.1,9606
KU291074.1,9615
KT749784.1,9606
LC062080.1,10090
1028327918,9615
GU220210.1,194544
AY222495.1,226889
KU353715.1,37012
985564448,1396440
KT749788.1,9606
KT726147.1,9606
346227984,37012
KJ446682.1,9606
KR350472.1,268291
KM101757.1,9606
927682388,86924
KJ883269.1,8839
724107770,77133
119225065,39568
378968364,59291
EU877725.1,8049
HM753694.1,10847
KT427463.1,8845
91702689,9614
20334498,9606
KT215538.1,263525
EU932689.1,8843
EU877727.1,8049
1002819683,9606
KP742583.1,762737
HM753696.1,10847
936230656,9606
KU291082.1,9615
1033474444,876103
AB750565.1,77133
HM753690.1,10847
850484816,112262
KU521424.1,9606
KR072782.1,77133
1021482762,1840125
KF664601.1,8384
GQ167868.1,158894
662117187,701737
758421985,336765
327342330,77133
189484440,164279
1031185621,77133
KM342985.1,77133
KT749776.1,9606
GQ895154.1,9606
1022950384,9606
1028335929,9615
298540025,77133
936230432,9606
298540027,77133
514389262,9606
1005816834,1672147
381381223,926550
KT749792.1,9606
1022950244,9606
KJ801422.1,9606
KX211959.1,37011
KX350098.1,9606
EU712964.1,164279
HM063541.1,8887
KU291088.1,9615
1042266563,37011
KC911370.1,9606
574450742,1450144
946518626,9913
1022947252,9606
984684417,37011
AY333095.1,77133
1026816553,5158
1026816554,5158
307591221,886805
AC105183.8,9606
AY189646.1,9606
KR334686.1,77133
1022949880,9606
712432861,77133
723428845,9615
1002703811,77133
KJ154919.1,9606
537361437,857638
KF146259.1,9606
KF751616.1,75854
1039678591,163619
FP325308.11,9606
33457004,9606
300806955,77133
DQ275350.1,30331
KC331508.1,77133
1035735633,77133
JX910537.1,1316732
KP763850.1,9606
1028335859,9615
HM063553.1,30382
146428898,156588
1028329442,9615
557643616,9054
AB058613.1,156448
724117628,77133
1053099101,9606
906345686,9925
27464942,8328
1015633033,7965
1015633030,291482
558611107,643448
27464944,213857
KM658973.1,160745
KP742644.1,318341
210060599,9598
AF038490.1,71760
946518682,9913
56407312,69297
56407313,66440
JN191233.1,37012
KX702229.1,9606
KC346072.1,9606
KR059187.1,9925
KX424459.1,1867183
817597942,7962
194303945,8049
HM775970.1,9606
GU220223.1,194544
KF451714.1,9606
1022950664,9606
294999466,8865
KC252545.1,9606
846388270,10090
906345532,9925
350995299,9597
294999465,75877
1048985833,77133
846388279,10090
KJ154832.1,9606
283049571,9606
669034182,13095
KM434157.1,1569704
874508160,980331
389556543,63824
12214278,9606
EU877737.1,8049
KF162426.1,9606
KT345702.1,75838
JN397814.1,77133
KX247380.1,9925
LT573188.1,77133
AP006015.1,8148
KT725906.1,9606
KP877615.1,1643390
KF451661.1,9606
17646167,168632
17646166,117539
17646165,77739
17646164,77737
17646163,85468
17646162,35525
17646161,35523
17646160,77756
921325555,10090
125967608,77133
KX247382.1,9925
906345448,9925
KJ627923.1,134920
347881,8839
906345336,9925
LC062062.1,10090
AP009305.1,38527
KU521412.1,9606
KT749807.1,9606
AY680237.1,47553
943578158,77133
765490601,100233
753170765,494514
1028334516,9615
333945871,9615
1028662797,9913
291464798,8839
FJ207525.1,48167
724117045,77133
KJ627931.1,1480062
KR824977.1,77133
CP011213.1,1618337
KR059218.1,9925
HM753705.1,10847
KJ627929.1,1480062
298107520,435295
550825835,9606
FJ383705.1,9606
606224693,9606
764044028,10847
1048984508,77133
KF214116.1,635157
1008874446,175245
LM997376.1,562
KJ627935.1,1480063
304442230,10847
KF664988.1,1949207
294999458,8855
946518696,9913
294999456,541004
294999457,8887
294999454,28680
294999455,75836
294999452,75838
294999453,75832
294999450,75879
294999451,75873
76009109,321094
EU071715.1,478981
319659404,298571
874347608,77133
FJ215085.1,1042646
846388120,10090
717467460,77133
303305520,626427
303305521,874462
303305522,874462
303305523,874462
197304625,32513
984684473,37012
KJ154177.1,9606
1040460199,77133
KR059208.1,9925
213135983,164967
FJ383715.1,9606
440853410,1211
KF148592.1,9606
301031251,194544
300244637,9606
KT726127.1,9606
KU521416.1,9606
281188323,9597
JN191196.1,9597
1028329848,9615
940813852,327708
KU521410.1,9606
251765509,9606
301031254,194544
KT726125.1,9606
U71233.1,8316
344050841,77133
KR059195.1,9925
LC062061.1,10090
795567728,9545
JN628860.1,163638
GU365881.1,9606
678943334,480041
724103489,77133
583828786,9940
AY292692.1,48085
KR059200.1,9925
KP877618.1,1643390
KJ154275.1,9606
EU332749.1,300318
KT726133.1,9606
1002664989,77133
KR059206.1,9925
KM593920.1,268291
1028335733,9615
1028335103,9615
KT210882.1,643462
KT726135.1,9606
KP691029.1,1628817
906345756,9925
393191456,1204301
KU521418.1,9606
946518766,9913
5052032,42663
5052033,71760
KT726137.1,9606
AB239593.1,54556
347802037,397661
1028330560,9615
AL354822.8,9606
664699108,172905
506985322,175245
506985321,175245
226510210,9606
506985325,175245
506985324,175245
641453774,270005
LC062053.1,10090
846550475,77133
FJ851558.1,77133
647737377,9615
LC062078.1,10090
998452878,9606
697242504,77133
697242505,77133
KM356740.1,77133
1028334530,9615
212374495,240154
697242501,77133
AY292696.1,30581
817598365,8845
89954408,77133
1028328952,9615
378554589,348696
37725796,50365
37725797,8846
37725794,8880
37725792,75844
37725790,28680
JF906108.1,328532
545767821,9606
347802639,69297
359550475,120965
1042761128,1868299
JQ704922.1,9606
KR059202.1,9925
724103241,77133
374676777,8855
346227970,37012
KU353716.1,37012
KT277287.1,1075431
213989484,9606
KT989570.1,1480063
AY222483.1,8319
LT160002.1,9541
KC790369.1,183910
DQ246813.1,9606
EU095196.1,9606
576106928,127946
1024389594,1842462
672106529,8839
LT573156.1,543031
FN673842.1,9606
378968378,59291
119225079,327405
KF977845.1,9940
KT290323.1,1840161
724101790,77133
AC097374.3,9606
291002159,8128
530723110,77133
LC062057.1,10090
602625019,573197
793958675,77133
731166857,77133
LC062051.1,10090
AF148327.1,111847
307133844,9089
1050792979,1887616
998452696,9606
300486596,862701
KJ154405.1,9606
459442432,88771
459442433,88771
KT726139.1,9606
223009318,9606
558695878,201378
1022694799,172914
724143975,77133
1021482759,1840122
L16770.1,8839
985564574,75369
KJ577589.1,343525
124108857,62280
1042266633,37012
1028335467,9615
KR869145.1,369635
GU189674.1,9597
EU880312.1,385651
1005816828,1672162
KT725933.1,9606
KU353712.1,37012
110630382,77133
GU189672.1,9597
914338100,9606
514389276,9606
KU291085.1,9615
KU353714.1,37012
KF146285.1,9606
KM273842.1,28800
KC252532.1,9606
1022950272,9606
1028326896,9615
LC062056.1,10090
281188435,9597
305656457,9606
768320452,134902
1042266577,37012
401785294,526958
EU092673.1,9606
1028336083,9615
AC182471.3,9598
81230218,77133
305656989,9606
JN628856.1,106584
918051558,106582
AC062033.2,9606
1028335537,9615
583829276,9940
846553743,77133
229501312,9913
378925835,56796
KT726150.1,9606
LM103041.1,6186
658355497,8839
KT223584.1,343526
595333725,77133
HM753704.1,10847
KU937305.1,9606
440853430,1211
440853431,1211
906345672,9925
1035662715,30521
KJ397613.1,48086
395806662,1045269
KF451291.1,9606
KR059194.1,9925
56407310,69296
550824617,9606
532529574,77133
KU308533.1,756884
1042266311,9597
AY495190.1,9606
KC345819.1,9606
1053099115,9606
194303861,8049
808177902,1643390
KX530932.1,9606
FJ383537.1,9606
AY859574.1,117534
670801905,52407
DQ304949.1,9606
765364933,1472950
1034210027,1851505
906345238,9925
56407307,9946
56407306,9945
56407305,303930
AY292698.1,9988
1042266297,9597
KJ627918.1,134920
56407308,9947
827346094,84645
194303833,8049
KJ627922.1,134920
1022950692,9606
AY164532.1,8846
JX893364.1,9606
29372642,77133
283973074,608507
283973075,489831
JN628858.1,57303
1028335481,9615
EU332748.1,497904
283973072,189295
283973073,707892
1042266409,756884
557643613,75838
557643611,8839
KC252554.1,9606
KP644363.1,80720
846388265,10090
37901522,8319
350995285,9597
JN857010.1,9606
KP258178.1,8932
506985226,175245
148250110,9606
U83731.1,8868
291603457,8839
545691648,28680
13447690,129232
669176238,327696
583829206,9940
17646157,168633
631904943,435295
FN675616.1,75839
17646158,42852
17646159,42853
338228850,296825
3170100,58317
482514291,75844
60266532,171953
906345308,9925
1022949852,9606
FN674005.1,9606
1001824265,1758748
KX211939.1,9597
KX663831.1,9606
KX186568.1,9925
EU877738.1,8049
982742483,1604535
213135955,30374
549414293,77133
440853444,1211
114841167,9606
AC217026.3,9598
FR873680.1,8932
21617758,9606
JQ390607.1,1217903
LM996054.1,562
KT725929.1,9606
KP168712.1,8932
KF161968.1,9606
1007475603,9606
AY292701.1,50380
KM654981.1,40191
846554489,77133
KX211929.1,9597
294999463,30385
294999462,75871
294999461,45644
294999460,75865
294999467,75875
946518668,9913
926459750,203117
294999464,75869
294999469,30382
294999468,337036
U83735.1,56282
310777193,9606
KT290331.1,1840107
337757374,32644
AC138777.3,9606
943814507,77133
KP702293.1,9606
669034196,13095
506985222,175245
KF214124.1,635157
1027946558,9606
56122860,47554
56122861,47553
56122862,47553
909158837,77133
545752478,9606
328926779,9606
194304085,8049
213135997,102207
1050768781,9612
HG514359.1,8049
KU353708.1,9597
583829150,9940
HM856584.1,9606
19481505,99181
874887323,77133
223014526,9606
AF402806.2,9606
304442314,10847
KT749797.1,9606
918056505,343526
KC252366.1,9606
544586027,175245
1008808245,1817992
AP013272.1,9606
AP010716.1,9606
347802485,163861
KT749801.1,9606
669034238,13095
89994810,9598
820722261,36249
KT989571.1,134920
758185369,9606
89954326,77133
304442482,10847
KU644661.1,9612
381261925,9606
KJ954145.1,9940
545767905,9606
KP319029.1,8932
717483185,77133
EU600365.1,9606
KT726033.1,9606
937188283,77133
KT726145.1,9606
848114051,75372
LK999961.1,562
347802009,52407
3JD5_A,9913
